{
    "type": "origins:multiple",
    "name": "Flight",
    "description": "Viltrumites possess the ability to fly by creating their own leverage.",
    
    "creative_flight": {
        "type": "origins:creative_flight",
        "condition": {
            "type": "origins:and",
            "conditions": [{
                "type": "origins:resource",
                "resource": "vil:scourge_virus_timer",
                "comparison": "<",
                "compare_to": 40
            },
            {
                "type": "origins:resource",
                "resource": "vil:sound_weakness_isshrieking_resource",
                "comparison": "==",
                "compare_to": 0
            },
            {
                "type": "origins:resource",
                "resource": "vil:sound_weakness_recently_sonic_boomed",
                "comparison": "==",
                "compare_to": 0
            }]
        }
    },

    "fall_flight": {
        "type": "origins:elytra_flight",
        "render_elytra": false,
        "condition": {
            "type": "origins:and",
            "conditions": [{
                "type": "origins:resource",
                "resource": "vil:scourge_virus_timer",
                "comparison": "<",
                "compare_to": 20
            },
            {
                "type": "origins:resource",
                "resource": "vil:toggle_elytra_flight_resource",
                "comparison": "==",
                "compare_to": 0
            },
            {
                "type": "origins:resource",
                "resource": "vil:flight/flight_resources_resource",
                "comparison": ">=",
                "compare_to": 3600
            }]
        }
    },

    "fall_flight_boost": {
        "type": "origins:active_self",
        "key": {
            "key": "key.sprint",
            "continuous": true
        },
        "cooldown": 1,
        "condition": {
            "type": "origins:and",
            "conditions": [{
                "type": "origins:fall_flying"
            },
            {
                "type": "origins:resource",
                "resource": "vil:scourge_virus_timer",
                "comparison": "==",
                "compare_to": 0
            }]
        },
        "entity_action": {
            "type": "origins:if_else",
            "condition": {
                "type": "origins:resource",
                "resource": "vil:flight/flight_resources_resource",
                "comparison": "<",
                "compare_to": 7200
            },
            "if_action": {
                "type": "origins:if_else",
                "condition": {
                    "type": "origins:submerged_in",
                    "fluid": "minecraft:water"
                },
                "if_action": {
                    "type": "origins:add_velocity",
                    "z": 0.2275,
                    "space": "local"
                },
                "else_action": {
                    "type": "origins:add_velocity",
                    "z": 0.035,
                    "space": "local"
                }
            },
            "else_action": {
                "type": "origins:if_else",
                "condition": {
                    "type": "origins:submerged_in",
                    "fluid": "minecraft:water"
                },
                "if_action": {
                    "type": "origins:add_velocity",
                    "z": 0.65,
                    "space": "local"
                },
                "else_action": {
                    "type": "origins:add_velocity",
                    "z": 0.1,
                    "space": "local"
                }
            }
        }
    },

    "initial_fall_flight_boost": {
        "type": "origins:active_self",
        "key": {
            "key": "key.sprint"
        },
        "cooldown": 20,
        "condition": {
            "type": "origins:and",
            "conditions": [{
                "type": "origins:fall_flying"
            },
            {
                "type": "origins:resource",
                "resource": "vil:scourge_virus_timer",
                "comparison": "==",
                "compare_to": 0
            }]
        },
        "entity_action": {
            "type": "origins:if_else",
            "condition": {
                "type": "origins:resource",
                "resource": "vil:flight/flight_resources_resource",
                "comparison": "<",
                "compare_to": 7200
            },
            "if_action": {
                "type": "origins:and",
                "actions": [{
                    "type": "origins:add_velocity",
                    "z": 1.25,
                    "space": "local"
                },
                {
                    "type": "origins:play_sound",
                    "sound": "entity.ender_dragon.shoot",
                    "volume": 5,
                    "pitch": 2
                }]
            },
            "else_action": {
                "type": "origins:and",
                "actions": [{
                    "type": "origins:add_velocity",
                    "z": 2.5,
                    "space": "local"
                },
                {
                    "type": "origins:play_sound",
                    "sound": "entity.generic.explode",
                    "volume": 5,
                    "pitch": 2
                }]
            }
        }
    },

    "kinetic_burst1": {
        "type": "origins:action_when_damage_taken",
        "cooldown": 20,
        "damage_condition": {
            "type": "origins:and",
            "conditions": [{
                "type": "origins:amount",
                "comparison": ">=",
                "compare_to": 12
            },
            {
                "type": "origins:or",
                "conditions": [{
                    "type": "origins:name",
                    "name": "flyIntoWall"
                },
                {
                    "type": "origins:name",
                    "name": "flyIntoWall.player"
                }]
            }]
        },
        "entity_action": {
            "type": "origins:explode",
            "power": 6,
            "destruction_type": "destroy",
            "damage_self": false,
            "create_fire": false
        },
        "condition": {
            "type": "origins:and",
            "conditions": [{
                "type": "origins:resource",
                "resource": "vil:flight/flight_resources_resource",
                "comparison": ">=",
                "compare_to": 10800
            },
            {
                "type": "origins:resource",
                "resource": "vil:toggle_explosions_resource",
                "comparison": "==",
                "compare_to": 0
            },
            {
                "type": "origins:scoreboard",
                "objective": "vil_damageTaken",
                "comparison": "<",
                "compare_to": 2500
            }]
        }
    },

    "kinetic_burst2": {
        "type": "origins:action_when_damage_taken",
        "cooldown": 20,
        "damage_condition": {
            "type": "origins:and",
            "conditions": [{
                "type": "origins:amount",
                "comparison": ">=",
                "compare_to": 10
            },
            {
                "type": "origins:or",
                "conditions": [{
                    "type": "origins:name",
                    "name": "flyIntoWall"
                },
                {
                    "type": "origins:name",
                    "name": "flyIntoWall.player"
                }]
            }]
        },
        "entity_action": {
            "type": "origins:explode",
            "power": 6,
            "destruction_type": "destroy",
            "damage_self": false,
            "create_fire": false
        },
        "condition": {
            "type": "origins:and",
            "conditions": [{
                "type": "origins:resource",
                "resource": "vil:flight/flight_resources_resource",
                "comparison": ">=",
                "compare_to": 10800
            },
            {
                "type": "origins:resource",
                "resource": "vil:toggle_explosions_resource",
                "comparison": "==",
                "compare_to": 0
            },
            {
                "type": "origins:scoreboard",
                "objective": "vil_damageTaken",
                "comparison": "<",
                "compare_to": 5000
            },
            {
                "type": "origins:scoreboard",
                "objective": "vil_damageTaken",
                "comparison": ">=",
                "compare_to": 2500
            }]
        }
    },

    "kinetic_burst3": {
        "type": "origins:action_when_damage_taken",
        "cooldown": 20,
        "damage_condition": {
            "type": "origins:and",
            "conditions": [{
                "type": "origins:amount",
                "comparison": ">=",
                "compare_to": 8
            },
            {
                "type": "origins:or",
                "conditions": [{
                    "type": "origins:name",
                    "name": "flyIntoWall"
                },
                {
                    "type": "origins:name",
                    "name": "flyIntoWall.player"
                }]
            }]
        },
        "entity_action": {
            "type": "origins:explode",
            "power": 6,
            "destruction_type": "destroy",
            "damage_self": false,
            "create_fire": false
        },
        "condition": {
            "type": "origins:and",
            "conditions": [{
                "type": "origins:resource",
                "resource": "vil:flight/flight_resources_resource",
                "comparison": ">=",
                "compare_to": 10800
            },
            {
                "type": "origins:resource",
                "resource": "vil:toggle_explosions_resource",
                "comparison": "==",
                "compare_to": 0
            },
            {
                "type": "origins:scoreboard",
                "objective": "vil_damageTaken",
                "comparison": "<",
                "compare_to": 7500
            },
            {
                "type": "origins:scoreboard",
                "objective": "vil_damageTaken",
                "comparison": ">=",
                "compare_to": 5000
            }]
        }
    },

    "kinetic_burst4": {
        "type": "origins:action_when_damage_taken",
        "cooldown": 20,
        "damage_condition": {
            "type": "origins:and",
            "conditions": [{
                "type": "origins:amount",
                "comparison": ">=",
                "compare_to": 7
            },
            {
                "type": "origins:or",
                "conditions": [{
                    "type": "origins:name",
                    "name": "flyIntoWall"
                },
                {
                    "type": "origins:name",
                    "name": "flyIntoWall.player"
                }]
            }]
        },
        "entity_action": {
            "type": "origins:explode",
            "power": 6,
            "destruction_type": "destroy",
            "damage_self": false,
            "create_fire": false
        },
        "condition": {
            "type": "origins:and",
            "conditions": [{
                "type": "origins:resource",
                "resource": "vil:flight/flight_resources_resource",
                "comparison": ">=",
                "compare_to": 10800
            },
            {
                "type": "origins:resource",
                "resource": "vil:toggle_explosions_resource",
                "comparison": "==",
                "compare_to": 0
            },
            {
                "type": "origins:scoreboard",
                "objective": "vil_damageTaken",
                "comparison": "<",
                "compare_to": 10000
            },
            {
                "type": "origins:scoreboard",
                "objective": "vil_damageTaken",
                "comparison": ">=",
                "compare_to": 7500
            }]
        }
    },

    "kinetic_burst5": {
        "type": "origins:action_when_damage_taken",
        "cooldown": 20,
        "damage_condition": {
            "type": "origins:and",
            "conditions": [{
                "type": "origins:amount",
                "comparison": ">=",
                "compare_to": 6
            },
            {
                "type": "origins:or",
                "conditions": [{
                    "type": "origins:name",
                    "name": "flyIntoWall"
                },
                {
                    "type": "origins:name",
                    "name": "flyIntoWall.player"
                }]
            }]
        },
        "entity_action": {
            "type": "origins:explode",
            "power": 6,
            "destruction_type": "destroy",
            "damage_self": false,
            "create_fire": false
        },
        "condition": {
            "type": "origins:and",
            "conditions": [{
                "type": "origins:resource",
                "resource": "vil:flight/flight_resources_resource",
                "comparison": ">=",
                "compare_to": 10800
            },
            {
                "type": "origins:resource",
                "resource": "vil:toggle_explosions_resource",
                "comparison": "==",
                "compare_to": 0
            },
            {
                "type": "origins:scoreboard",
                "objective": "vil_damageTaken",
                "comparison": "<",
                "compare_to": 12500
            },
            {
                "type": "origins:scoreboard",
                "objective": "vil_damageTaken",
                "comparison": ">=",
                "compare_to": 10000
            }]
        }
    },

    "kinetic_burst6": {
        "type": "origins:action_when_damage_taken",
        "cooldown": 20,
        "damage_condition": {
            "type": "origins:and",
            "conditions": [{
                "type": "origins:amount",
                "comparison": ">=",
                "compare_to": 5
            },
            {
                "type": "origins:or",
                "conditions": [{
                    "type": "origins:name",
                    "name": "flyIntoWall"
                },
                {
                    "type": "origins:name",
                    "name": "flyIntoWall.player"
                }]
            }]
        },
        "entity_action": {
            "type": "origins:explode",
            "power": 6,
            "destruction_type": "destroy",
            "damage_self": false,
            "create_fire": false
        },
        "condition": {
            "type": "origins:and",
            "conditions": [{
                "type": "origins:resource",
                "resource": "vil:flight/flight_resources_resource",
                "comparison": ">=",
                "compare_to": 10800
            },
            {
                "type": "origins:resource",
                "resource": "vil:toggle_explosions_resource",
                "comparison": "==",
                "compare_to": 0
            },
            {
                "type": "origins:scoreboard",
                "objective": "vil_damageTaken",
                "comparison": "<",
                "compare_to": 15000
            },
            {
                "type": "origins:scoreboard",
                "objective": "vil_damageTaken",
                "comparison": ">=",
                "compare_to": 12500
            }]
        }
    },

    "kinetic_burst7": {
        "type": "origins:action_when_damage_taken",
        "cooldown": 20,
        "damage_condition": {
            "type": "origins:and",
            "conditions": [{
                "type": "origins:amount",
                "comparison": ">=",
                "compare_to": 4
            },
            {
                "type": "origins:or",
                "conditions": [{
                    "type": "origins:name",
                    "name": "flyIntoWall"
                },
                {
                    "type": "origins:name",
                    "name": "flyIntoWall.player"
                }]
            }]
        },
        "entity_action": {
            "type": "origins:explode",
            "power": 6,
            "destruction_type": "destroy",
            "damage_self": false,
            "create_fire": false
        },
        "condition": {
            "type": "origins:and",
            "conditions": [{
                "type": "origins:resource",
                "resource": "vil:flight/flight_resources_resource",
                "comparison": ">=",
                "compare_to": 10800
            },
            {
                "type": "origins:resource",
                "resource": "vil:toggle_explosions_resource",
                "comparison": "==",
                "compare_to": 0
            },
            {
                "type": "origins:scoreboard",
                "objective": "vil_damageTaken",
                "comparison": "<",
                "compare_to": 17500
            },
            {
                "type": "origins:scoreboard",
                "objective": "vil_damageTaken",
                "comparison": ">=",
                "compare_to": 15000
            }]
        }
    },

    "kinetic_burst8": {
        "type": "origins:action_when_damage_taken",
        "cooldown": 20,
        "damage_condition": {
            "type": "origins:and",
            "conditions": [{
                "type": "origins:amount",
                "comparison": ">=",
                "compare_to": 3
            },
            {
                "type": "origins:or",
                "conditions": [{
                    "type": "origins:name",
                    "name": "flyIntoWall"
                },
                {
                    "type": "origins:name",
                    "name": "flyIntoWall.player"
                }]
            }]
        },
        "entity_action": {
            "type": "origins:explode",
            "power": 6,
            "destruction_type": "destroy",
            "damage_self": false,
            "create_fire": false
        },
        "condition": {
            "type": "origins:and",
            "conditions": [{
                "type": "origins:resource",
                "resource": "vil:flight/flight_resources_resource",
                "comparison": ">=",
                "compare_to": 10800
            },
            {
                "type": "origins:resource",
                "resource": "vil:toggle_explosions_resource",
                "comparison": "==",
                "compare_to": 0
            },
            {
                "type": "origins:scoreboard",
                "objective": "vil_damageTaken",
                "comparison": "<",
                "compare_to": 21250
            },
            {
                "type": "origins:scoreboard",
                "objective": "vil_damageTaken",
                "comparison": ">=",
                "compare_to": 17500
            }]
        }
    },

    "kinetic_burst9": {
        "type": "origins:action_when_damage_taken",
        "cooldown": 20,
        "damage_condition": {
            "type": "origins:and",
            "conditions": [{
                "type": "origins:amount",
                "comparison": ">=",
                "compare_to": 2.5
            },
            {
                "type": "origins:or",
                "conditions": [{
                    "type": "origins:name",
                    "name": "flyIntoWall"
                },
                {
                    "type": "origins:name",
                    "name": "flyIntoWall.player"
                }]
            }]
        },
        "entity_action": {
            "type": "origins:explode",
            "power": 6,
            "destruction_type": "destroy",
            "damage_self": false,
            "create_fire": false
        },
        "condition": {
            "type": "origins:and",
            "conditions": [{
                "type": "origins:resource",
                "resource": "vil:flight/flight_resources_resource",
                "comparison": ">=",
                "compare_to": 10800
            },
            {
                "type": "origins:resource",
                "resource": "vil:toggle_explosions_resource",
                "comparison": "==",
                "compare_to": 0
            },
            {
                "type": "origins:scoreboard",
                "objective": "vil_damageTaken",
                "comparison": "<",
                "compare_to": 25000
            },
            {
                "type": "origins:scoreboard",
                "objective": "vil_damageTaken",
                "comparison": ">=",
                "compare_to": 21250
            }]
        }
    },

    "kinetic_burst10": {
        "type": "origins:action_when_damage_taken",
        "cooldown": 20,
        "damage_condition": {
            "type": "origins:and",
            "conditions": [{
                "type": "origins:amount",
                "comparison": ">=",
                "compare_to": 1.25
            },
            {
                "type": "origins:or",
                "conditions": [{
                    "type": "origins:name",
                    "name": "flyIntoWall"
                },
                {
                    "type": "origins:name",
                    "name": "flyIntoWall.player"
                }]
            }]
        },
        "entity_action": {
            "type": "origins:explode",
            "power": 7,
            "destruction_type": "destroy",
            "damage_self": false,
            "create_fire": false
        },
        "condition": {
            "type": "origins:and",
            "conditions": [{
                "type": "origins:resource",
                "resource": "vil:flight/flight_resources_resource",
                "comparison": ">=",
                "compare_to": 10800
            },
            {
                "type": "origins:resource",
                "resource": "vil:toggle_explosions_resource",
                "comparison": "==",
                "compare_to": 0
            },
            {
                "type": "origins:scoreboard",
                "objective": "vil_damageTaken",
                "comparison": ">=",
                "compare_to": 25000
            }]
        }
    },

    "notify_basic_fall_flight": {
        "type": "origins:action_over_time",
        "rising_action": {
            "type": "origins:and",
            "actions": [{
                "type": "origins:execute_command",
                "command": "function vil:flight/flight_lvl_2",
                "permission_level": 4
            },
            {
                "type": "origins:revoke_power",
                "power": "vil:flight/flight_notify_basic_fall_flight",
                "source": "vil:viltrumite"
            }]
        },
        "condition": {
            "type": "origins:resource",
            "resource": "vil:flight/flight_resources_resource",
            "comparison": ">=",
            "compare_to": 3600
        }
    },

    "notify_super_fall_flight": {
        "type": "origins:action_over_time",
        "rising_action": {
            "type": "origins:and",
            "actions": [{
                "type": "origins:execute_command",
                "command": "function vil:flight/flight_lvl_3",
                "permission_level": 4
            },
            {
                "type": "origins:revoke_power",
                "power": "vil:flight/flight_notify_super_fall_flight",
                "source": "vil:viltrumite"
            }]
        },
        "condition": {
            "type": "origins:resource",
            "resource": "vil:flight/flight_resources_resource",
            "comparison": ">=",
            "compare_to": 7200
        }
    },

    "notify_kinetic_burst": {
        "type": "origins:action_over_time",
        "rising_action": {
            "type": "origins:and",
            "actions": [{
                "type": "origins:execute_command",
                "command": "function vil:flight/flight_lvl_max",
                "permission_level": 4
            },
            {
                "type": "origins:revoke_power",
                "power": "vil:flight/flight_notify_kinetic_burst",
                "source": "vil:viltrumite"
            }]
        },
        "condition": {
            "type": "origins:resource",
            "resource": "vil:flight/flight_resources_resource",
            "comparison": ">=",
            "compare_to": 10800
        }
    },

    "notify_environment_shred": {
        "type": "origins:action_over_time",
        "rising_action": {
            "type": "origins:and",
            "actions": [{
                "type": "origins:execute_command",
                "command": "function vil:flight/flight_lvl_hypermax",
                "permission_level": 4
            },
            {
                "type": "origins:revoke_power",
                "power": "vil:flight/flight_notify_environment_shred",
                "source": "vil:viltrumite"
            }]
        },
        "condition": {
            "type": "origins:resource",
            "resource": "vil:flight/flight_resources_resource",
            "comparison": ">=",
            "compare_to": 14400
        }
    }
}