{
    "hidden": true,
    "type": "origins:multiple",
    
    "cooldown": {
        "type": "origins:cooldown",
        "cooldown": 5
    },

    "is_boosting": {
        "type": "origins:active_self",
        "cooldown": 1,
        "key": {
            "key": "key.sprint",
            "continuous": true
        },
        "entity_action": {
            "type": "origins:trigger_cooldown",
            "power": "*:*_cooldown"
        },
        "condition": {
            "type": "origins:and",
            "conditions": [{
                "type": "origins:resource",
                "resource": "vil:scourge_virus_timer",
                "comparison": "==",
                "compare_to": 0
            },
            {
                "type": "origins:fall_flying"
            }]
        }
    },

    "stomp": {
        "type": "origins:action_on_land",
        "condition": {
            "type": "origins:and",
            "conditions": [{
                "type": "origins:resource",
                "resource": "vil:toggle_explosions_resource",
                "comparison": "==",
                "compare_to": 0
            },
            {
                "type": "origins:resource",
                "resource": "*:*_cooldown",
                "comparison": ">",
                "compare_to": 0
            },
            {
                "type": "origins:resource",
                "resource": "vil:flight/flight_resources_resource",
                "comparison": ">=",
                "compare_to": 10800
            }]
        },
        "entity_action": {
            "type": "origins:if_else_list",
            "actions": [{
                "condition": {
                    "type": "origins:fall_distance",
                    "comparison": ">=",
                    "compare_to": 120
                },
                "action": {
                    "type": "origins:and",
                    "actions": [{
                        "type": "origins:damage",
                        "amount": 20,
                        "damage_type": "minecraft:fly_into_wall"
                    },
                    {
                        "type": "origins:explode",
                        "power": 7,
                        "destruction_type": "destroy",
                        "damage_self": false,
                        "create_fire": true
                    }]
                }
            },
            {
                "condition": {
                    "type": "origins:and",
                    "conditions": [{
                        "type": "origins:fall_distance",
                        "comparison": "<",
                        "compare_to": 120
                    },
                    {
                        "type": "origins:fall_distance",
                        "comparison": ">=",
                        "compare_to": 80
                    }]
                },
                "action": {
                    "type": "origins:and",
                    "actions": [{
                        "type": "origins:damage",
                        "amount": 15,
                        "damage_type": "minecraft:fly_into_wall"
                    },
                    {
                        "type": "origins:explode",
                        "power": 6,
                        "destruction_type": "destroy",
                        "damage_self": false,
                        "create_fire": false
                    }]
                }
            },
            {
                "condition": {
                    "type": "origins:and",
                    "conditions": [{
                        "type": "origins:fall_distance",
                        "comparison": "<",
                        "compare_to": 80
                    },
                    {
                        "type": "origins:fall_distance",
                        "comparison": ">=",
                        "compare_to": 40
                    }]
                },
                "action": {
                    "type": "origins:and",
                    "actions": [{
                        "type": "origins:damage",
                        "amount": 10,
                        "damage_type": "minecraft:fly_into_wall"
                    },
                    {
                        "type": "origins:explode",
                        "power": 5,
                        "destruction_type": "destroy",
                        "damage_self": false,
                        "create_fire": false
                    }]
                }
            }]
        }
    },

    "kinetic_strike": {
        "type": "origins:action_over_time",
        "interval": 1,
        "entity_action": {
            "type": "origins:if_else",
            "condition": {
                "type": "origins:resource",
                "resource": "vil:flight/flight_resources_resource",
                "comparison": "<",
                "compare_to": 7200
            },
            "if_action": {
                "type": "origins:area_of_effect",
                "radius": 1,
                "shape": "sphere",
                "bientity_action": {
                    "type": "origins:and",
                    "actions": [{
                        "type": "origins:add_velocity",
                        "z": 3
                    },
                    {
                        "type": "origins:damage",
                        "amount": 20,
                        "damage_type": "minecraft:thrown"
                    }]
                }
            },
            "else_action": {
                "type": "origins:area_of_effect",
                "radius": 2,
                "shape": "sphere",
                "bientity_action": {
                    "type": "origins:and",
                    "actions": [{
                        "type": "origins:add_velocity",
                        "z": 6
                    },
                    {
                        "type": "origins:damage",
                        "amount": 40,
                        "damage_type": "minecraft:thrown"
                    }]
                }
            }
        },
        "condition": {
            "type": "origins:resource",
            "resource": "*:*_cooldown",
            "comparison": ">",
            "compare_to": 0
        }
    },

    "environment_shred": {
        "type": "origins:action_over_time",
        "interval": 1,
        "condition": {
            "type": "origins:and",
            "conditions": [{
                "type": "origins:resource",
                "resource": "vil:flight/flight_resources_resource",
                "comparison": ">=",
                "compare_to": 14400
            },
            {
                "type": "origins:resource",
                "resource": "*:*_cooldown",
                "comparison": ">",
                "compare_to": 0
            },
            {
                "type": "origins:resource",
                "resource": "vil:toggle_explosions_resource",
                "comparison": "==",
                "compare_to": 2
            },
            {
                "type": "origins:block_in_radius",
                "radius": 8,
                "block_condition": {
                    "type": "origins:in_tag",
                    "tag": "vil:breakable"
                }
            }]
        },
        "entity_action": {
            "type": "origins:and",
            "actions": [{
                "type": "origins:execute_command",
                "permission_level": 4,
                "command": "function vil:shred"
            },
            {
                "type": "origins:play_sound",
                "sound": "entity.generic.explode",
                "volume": 0.6,
                "pitch": 0.1
            }]
        }
    }
}