{
    "type": "origins:multiple",
    "name": "Extended Lung Capacity",
    "description": "Viltrumites can hold their breath for weeks when trained properly, allowing them to travel in space or underwater for long periods at a time.",

    "longer_breath_1": {
        "type": "origins:action_over_time",
        "interval": 30,
        "entity_action": {
            "type": "origins:gain_air",
            "value": 25
        },
        "condition": {
            "type": "origins:submerged_in",
            "fluid": "minecraft:water"
        }
    },

    "longer_breath_2": {
        "type": "origins:action_over_time",
        "interval": 30,
        "entity_action": {
            "type": "origins:gain_air",
            "value": 2
        },
        "condition": {
            "type": "origins:and",
            "conditions": [{
                "type": "origins:resource",
                "resource": "vil:scourge_virus_timer",
                "comparison": "==",
                "compare_to": 0
            },
            {
                "type": "origins:submerged_in",
                "fluid": "minecraft:water"
            },
            {
                "type": "origins:resource",
                "resource": "vil:hold_breath/hold_breath_resources_resource",
                "comparison": ">=",
                "compare_to": 1800 
            }]
        }
    },

    "longer_breath_3": {
        "type": "origins:action_over_time",
        "interval": 30,
        "entity_action": {
            "type": "origins:gain_air",
            "value": 2
        },
        "condition": {
            "type": "origins:and",
            "conditions": [{
                "type": "origins:resource",
                "resource": "vil:scourge_virus_timer",
                "comparison": "==",
                "compare_to": 0
            },
            {
                "type": "origins:submerged_in",
                "fluid": "minecraft:water"
            },
            {
                "type": "origins:resource",
                "resource": "vil:hold_breath/hold_breath_resources_resource",
                "comparison": ">=",
                "compare_to": 3600 
            }]
        }
    },

    "notify_breath_2": {
        "type": "origins:action_over_time",
        "rising_action": {
            "type": "origins:execute_command",
            "command": "function vil:breathing/breathing_lvl_2",
            "permission_level": 4
        },
        "condition": {
            "type": "origins:resource",
            "resource": "vil:hold_breath/hold_breath_resources_resource",
            "comparison": ">=",
            "compare_to": 1800
        }
    },

    "notify_breath_3": {
        "type": "origins:action_over_time",
        "rising_action": {
            "type": "origins:execute_command",
            "command": "function vil:breathing/breathing_lvl_max",
            "permission_level": 4
        },
        "condition": {
            "type": "origins:resource",
            "resource": "vil:hold_breath/hold_breath_resources_resource",
            "comparison": ">=",
            "compare_to": 3600
        }
    }
}