{
	"powers": [
		"vil:enhanced_limits",
		"vil:flight/flight_resources",
		"vil:flight/flight",
		"vil:damage_resistance",
		"vil:strength",
		"vil:hold_breath/hold_breath_resources",
		"vil:hold_breath/hold_breath",
		"vil:efficient_metabolism",
		"vil:continuous_regen",
		"vil:fire_resistance",
		"vil:effect_resilience",
		"vil:no_gear",
		"vil:no_equipment/message",
		"vil:no_equipment/no_tridents",
		"vil:no_equipment/no_bows",
		"vil:no_equipment/no_crossbows",
		"vil:no_equipment/no_shields",
		"vil:sound_weakness",
		"vil:scourge_virus",
		"vil:toggle_elytra_flight",
		"vil:toggle_item_pickup"
	],
	"icon": "minecraft:iron_sword",
	"order": 999,
	"impact": 3,
	"name": "Viltrumite",
	"description": "Viltrumites are super-humanoid beings capable of extreme feats of strength, speed, and power."
}