{
    "type": "origins:multiple",
    "name": "Advanced Regeneration",
    "description": "Viltrumites will slowly recover from any injury that is not instantly fatal, ignoring even hunger levels.",
    
    "disable_normal_regen": {
        "type": "origins:disable_regen"
    },

    "heal_over_time": {
        "type": "origins:action_over_time",
        "interval": 60,
        "entity_action": {
            "type": "origins:heal",
            "amount": 1
        },
        "condition": {
            "type": "origins:resource",
            "resource": "vil:scourge_virus_timer",
            "comparison": "==",
            "compare_to": 0
        }
    }
}