{
    "type": "origins:restrict_armor",
    "name": "Armorless",
    "description": "Viltrumites have no need for armor, as their skin is harder than any armor.",
    "head": {
        "type": "origins:empty",
        "inverted": true
    },
    "chest": {
        "type": "origins:empty",
        "inverted": true
    },
    "legs": {
        "type": "origins:empty",
        "inverted": true
    },
    "feet": {
        "type": "origins:empty",
        "inverted": true
    }
}
