{
    "type": "origins:multiple",
    "name": "Sonic Vulnerability",
    "description": "As beings with the natural ability of flight, Viltrumite equilibrium is achieved through an impossibly complex and sensitive process located in their ears. Exposure to certain frequencies, particularly shrieking sculk shriekers or sonic blasts from the Warden, can disturb this process and temporarily block their ability to fly and cause extreme distress or kill them if exposure is lengthy enough. In the case of the Warden, a single sonic boom is practically guarenteed to be fatal.",

    "sonic_boom": {
        "type": "origins:modify_damage_taken",
        "damage_condition": {
            "type": "origins:name",
            "name": "sonic_boom"
        },
        "modifier": {
            "name": "vil:sonic_boom_normal",
            "operation": "multiply_base",
            "value": 1.5
        }
    },

    "sonic_boom_player": {
        "type": "origins:modify_damage_taken",
        "damage_condition": {
            "type": "origins:name",
            "name": "sonic_boom.player"
        },
        "modifier": {
            "name": "vil:sonic_boom_player",
            "operation": "multiply_base",
            "value": 1.5
        }
    },

    "sonic_boom_playeritem": {
        "type": "origins:modify_damage_taken",
        "damage_condition": {
            "type": "origins:name",
            "name": "sonic_boom.item"
        },
        "modifier": {
            "name": "vil:sonic_boom_playeritem",
            "operation": "multiply_base",
            "value": 1.5
        }
    },

    "shrieker_exposure_damage": {
        "type": "origins:action_over_time",
        "interval": 11,
        "condition": {
            "type": "origins:block_in_radius",
            "shape": "sphere",
            "radius": 20,
            "block_condition": {
                "type": "origins:and",
                "conditions": [{
                    "type": "origins:block",
                    "block": "minecraft:sculk_shrieker"
                },
                {
                    "type": "origins:block_state",
                    "property": "shrieking",
                    "value": true
                },
                {
                    "type": "origins:block_state",
                    "property": "waterlogged",
                    "value": false
                }]
            }
        },
        "entity_action": {
            "type": "origins:and",
            "actions": [{
                "type": "origins:damage",
                "amount": 6,
                "damage_type": "minecraft:generic" 
            }]
        }
    },

    "shrieker_exposure_noglide": {
        "type": "origins:prevent_elytra_flight",
        "condition": {
            "type": "origins:block_in_radius",
            "shape": "sphere",
            "radius": 20,
            "block_condition": {
                "type": "origins:and",
                "conditions": [{
                    "type": "origins:block",
                    "block": "minecraft:sculk_shrieker"
                },
                {
                    "type": "origins:block_state",
                    "property": "shrieking",
                    "value": true
                },
                {
                    "type": "origins:block_state",
                    "property": "waterlogged",
                    "value": false
                }]
            }
        }
    },

    "shrieker_exposure_nosprint": {
        "type": "origins:prevent_sprinting",
        "condition": {
            "type": "origins:block_in_radius",
            "shape": "sphere",
            "radius": 20,
            "block_condition": {
                "type": "origins:and",
                "conditions": [{
                    "type": "origins:block",
                    "block": "minecraft:sculk_shrieker"
                },
                {
                    "type": "origins:block_state",
                    "property": "shrieking",
                    "value": true
                },
                {
                    "type": "origins:block_state",
                    "property": "waterlogged",
                    "value": false
                }]
            }
        }
    },

    "shrieker_exposure_nojump": {
        "type": "origins:modify_jump",
        "condition": {
            "type": "origins:block_in_radius",
            "shape": "sphere",
            "radius": 20,
            "block_condition": {
                "type": "origins:and",
                "conditions": [{
                    "type": "origins:block",
                    "block": "minecraft:sculk_shrieker"
                },
                {
                    "type": "origins:block_state",
                    "property": "shrieking",
                    "value": true
                },
                {
                    "type": "origins:block_state",
                    "property": "waterlogged",
                    "value": false
                }]
            }
        },
        "modifier": {
            "name": "vil:shrieker_set_jump_zero",
            "operation": "multiply_base",
            "value": -1
        }
    },

    "shrieker_exposure_lessdmgdealt": {
        "type": "origins:modify_damage_dealt",
        "condition": {
            "type": "origins:block_in_radius",
            "shape": "sphere",
            "radius": 20,
            "block_condition": {
                "type": "origins:and",
                "conditions": [{
                    "type": "origins:block",
                    "block": "minecraft:sculk_shrieker"
                },
                {
                    "type": "origins:block_state",
                    "property": "shrieking",
                    "value": true
                },
                {
                    "type": "origins:block_state",
                    "property": "waterlogged",
                    "value": false
                }]
            }
        },
        "modifier": {
            "name": "vil:shrieker_half_damage_dealt",
            "operation": "multiply_total",
            "value": -0.5
        }
    },

    "shrieker_exposure_blur": {
        "type": "origins:stacking_status_effect",
        "min_stacks": 0,
        "max_stacks": 8,
        "duration_per_stack": 31,
        "tick_rate": 11,
        "effect": {
            "effect": "minecraft:nausea",
            "is_ambient": false,
            "show_icon": false,
            "show_particles": false
        },
        "condition": {
            "type": "origins:block_in_radius",
            "shape": "sphere",
            "radius": 20,
            "block_condition": {
                "type": "origins:and",
                "conditions": [{
                    "type": "origins:block",
                    "block": "minecraft:sculk_shrieker"
                },
                {
                    "type": "origins:block_state",
                    "property": "shrieking",
                    "value": true
                },
                {
                    "type": "origins:block_state",
                    "property": "waterlogged",
                    "value": false
                }]
            }
        }
    },

    "shrieker_exposure_shake": {
        "type": "origins:shaking",
        "condition": {
            "type": "origins:block_in_radius",
            "shape": "sphere",
            "radius": 20,
            "block_condition": {
                "type": "origins:and",
                "conditions": [{
                    "type": "origins:block",
                    "block": "minecraft:sculk_shrieker"
                },
                {
                    "type": "origins:block_state",
                    "property": "shrieking",
                    "value": true
                },
                {
                    "type": "origins:block_state",
                    "property": "waterlogged",
                    "value": false
                }]
            }
        }
    },

    "shrieker_exposure_sound": {
        "type": "origins:action_over_time",
        "interval": 11,
        "condition": {
            "type": "origins:block_in_radius",
            "shape": "sphere",
            "radius": 20,
            "block_condition": {
                "type": "origins:and",
                "conditions": [{
                    "type": "origins:block",
                    "block": "minecraft:sculk_shrieker"
                },
                {
                    "type": "origins:block_state",
                    "property": "shrieking",
                    "value": true
                },
                {
                    "type": "origins:block_state",
                    "property": "waterlogged",
                    "value": false
                }]
            }
        },
        "entity_action": {
            "type": "origins:execute_command",
            "command": "function vil:sound_damage_effect",
            "permission_level": 4
        }
    }
}