{
    "hidden": true,
    "type": "origins:multiple",

    "resource": {
        "type": "origins:resource",
        "min": 0,
        "max": 3600,
        "hud_render": {
            "should_render": true,
            "sprite_location": "origins:textures/gui/community/huang/resource_bar_02.png",
            "bar_index": 16,
            "condition": {
                "type": "origins:or",
                "conditions": [{
                    "type": "origins:resource",
                    "resource": "vil:display_skills_resource",
                    "comparison": "==",
                    "compare_to": 2
                },
                {
                    "type": "origins:and",
                    "conditions": [{
                        "type": "origins:resource",
                        "resource": "vil:display_skills_resource",
                        "comparison": "==",
                        "compare_to": 1
                    },
                    {
                        "type": "origins:air",
                        "comparison": ">",
                        "compare_to": 0
                    },
                    {
                        "type": "origins:submerged_in",
                        "fluid": "minecraft:water"
                    }]
                }]
            }
        }
    },

    "train_breathing": {
        "type": "origins:action_over_time",
        "interval": 20,
        "entity_action": {
            "type": "origins:change_resource",
            "resource": "*:*_resource",
            "change": 2
        },
        "condition": {
            "type": "origins:and",
            "conditions": [{
                "type": "origins:air",
                "comparison": ">",
                "compare_to": 0
            },
            {
                "type": "origins:submerged_in",
                "fluid": "minecraft:water"
            }]
        }
    }
}