{
    "type": "origins:multiple",
    "name": "Extended Lung Capacity",
    "description": "Viltrumites can hold their breath for weeks when trained properly, allowing them to travel in space or underwater for long periods at a time.",

    "longer_breath_1": {
        "type": "origins:action_over_time",
        "interval": 30,
        "entity_action": {
            "type": "origins:gain_air",
            "value": 25
        },
        "condition": {
            "type": "origins:submerged_in",
            "fluid": "minecraft:water"
        }
    },

    "longer_breath_2": {
        "type": "origins:action_over_time",
        "interval": 30,
        "entity_action": {
            "type": "origins:gain_air",
            "value": 2
        },
        "condition": {
            "type": "origins:and",
            "conditions": [{
                "type": "origins:resource",
                "resource": "vil:scourge_virus_timer",
                "comparison": "<",
                "compare_to": 50
            },
            {
                "type": "origins:submerged_in",
                "fluid": "minecraft:water"
            },
            {
                "type": "origins:resource",
                "resource": "vil:hold_breath/hold_breath_resources_resource",
                "comparison": ">=",
                "compare_to": 1800 
            }]
        }
    },

    "longer_breath_3": {
        "type": "origins:action_over_time",
        "interval": 30,
        "entity_action": {
            "type": "origins:gain_air",
            "value": 2
        },
        "condition": {
            "type": "origins:and",
            "conditions": [{
                "type": "origins:resource",
                "resource": "vil:scourge_virus_timer",
                "comparison": "==",
                "compare_to": 0
            },
            {
                "type": "origins:submerged_in",
                "fluid": "minecraft:water"
            },
            {
                "type": "origins:resource",
                "resource": "vil:hold_breath/hold_breath_resources_resource",
                "comparison": ">=",
                "compare_to": 3600 
            }]
        }
    },

    "notify_breath_2": {
        "type": "origins:action_over_time",
        "rising_action": {
            "type": "origins:and",
            "actions": [{
                "type": "origins:execute_command",
                "command": "function vil:breathing/breathing_lvl_2",
                "permission_level": 4
            },
            {
                "type": "origins:revoke_power",
                "power": "vil:hold_breath/hold_breath_notify_breath_2",
                "source": "vil:viltrumite"
            }]
        },
        "condition": {
            "type": "origins:resource",
            "resource": "vil:hold_breath/hold_breath_resources_resource",
            "comparison": ">=",
            "compare_to": 1800
        }
    },

    "notify_breath_3": {
        "type": "origins:action_over_time",
        "rising_action": {
            "type": "origins:and",
            "actions": [{
                "type": "origins:execute_command",
                "command": "function vil:breathing/breathing_lvl_max",
                "permission_level": 4
            },
            {
                "type": "origins:revoke_power",
                "power": "vil:hold_breath/hold_breath_notify_breath_3",
                "source": "vil:viltrumite"
            }]
        },
        "condition": {
            "type": "origins:resource",
            "resource": "vil:hold_breath/hold_breath_resources_resource",
            "comparison": ">=",
            "compare_to": 3600
        }
    },

    "breathing_fix": {
        "type": "origins:action_on_callback",
        "entity_action_chosen": {
            "type": "origins:execute_command",
            "command": "function vil:breathing/breathing_fix_conditioned",
            "permission_level": 4
        },
        "entity_action_respawned": {
            "type": "origins:and",
            "actions": [{
                "type": "origins:revoke_power",
                "power": "*:*_longer_breath_1",
                "source": "vil:breathing_fix_ondeath"
            },
            {
                "type": "origins:grant_power",
                "power": "*:*_longer_breath_1",
                "source": "vil:breathing_fix_ondeath"
            }]
        }
    }
}