{
    "type": "origins:multiple",
    "name": "Enhanced Durability",
    "description": "All Viltrumites have extremely high durability. This, coupled with their regenerative capabilities, makes them extremely difficult to defeat.",
    "resource": {
        "type": "origins:resource",
        "min": 0,
        "max": 9,
        "hud_render": {
            "should_render": true,
            "sprite_location": "origins:textures/gui/community/spiderkolo/resource_bar_02.png",
            "bar_index": 0,
            "condition": {
                "type": "origins:or",
                "conditions": [
                    {
                        "type": "origins:resource",
                        "resource": "vil:display_skills_resource",
                        "comparison": "==",
                        "compare_to": 2
                    },
                    {
                        "type": "origins:and",
                        "conditions": [
                            {
                                "type": "origins:resource",
                                "resource": "vil:display_skills_resource",
                                "comparison": "==",
                                "compare_to": 1
                            },
                            {
                                "type": "origins:resource",
                                "resource": "*:*_cooldown",
                                "comparison": ">",
                                "compare_to": 0
                            }
                        ]
                    }
                ]
            }
        }
    },
    "cooldown": {
        "type": "origins:cooldown",
        "cooldown": 40
    },
    "detect_attacked": {
        "type": "origins:self_action_when_hit",
        "entity_action": {
            "type": "origins:trigger_cooldown",
            "power": "*:*_cooldown"
        }
    },
    "damage_res_while_infected": {
        "type": "origins:modify_damage_taken",
        "modifier": {
            "name": "vil:damage_res_infected",
            "operation": "multiply_base",
            "value": -0.2
        },
        "condition": {
            "type": "origins:resource",
            "resource": "vil:scourge_virus_timer",
            "comparison": ">",
            "compare_to": 90
        }
    },
    "damage_res_1": {
        "type": "origins:modify_damage_taken",
        "modifier": {
            "name": "vil:damage_res1",
            "operation": "multiply_base",
            "value": -0.4
        },
        "condition": {
            "type": "origins:resource",
            "resource": "vil:scourge_virus_timer",
            "comparison": "<=",
            "compare_to": 90
        }
    },
    "damage_res_2": {
        "type": "origins:modify_damage_taken",
        "modifier": {
            "name": "vil:damage_res2",
            "operation": "multiply_base",
            "value": -0.1
        },
        "condition": {
            "type": "origins:and",
            "conditions": [
                {
                    "type": "origins:resource",
                    "resource": "vil:scourge_virus_timer",
                    "comparison": "<=",
                    "compare_to": 80
                },
                {
                    "type": "origins:scoreboard",
                    "objective": "vil_damageTaken",
                    "comparison": ">=",
                    "compare_to": 2500
                }
            ]
        }
    },
    "knockback_res_1": {
        "type": "origins:conditioned_attribute",
        "condition": {
            "type": "origins:and",
            "conditions": [
                {
                    "type": "origins:resource",
                    "resource": "vil:scourge_virus_timer",
                    "comparison": "<=",
                    "compare_to": 80
                },
                {
                    "type": "origins:scoreboard",
                    "objective": "vil_damageTaken",
                    "comparison": ">=",
                    "compare_to": 2500
                }
            ]
        },
        "modifier": {
            "name": "vil:kb_res1",
            "attribute": "minecraft:generic.knockback_resistance",
            "operation": "addition",
            "value": 0.1
        }
    },
    "damage_res_3": {
        "type": "origins:modify_damage_taken",
        "modifier": {
            "name": "vil:damage_res3",
            "operation": "multiply_base",
            "value": -0.1
        },
        "condition": {
            "type": "origins:and",
            "conditions": [
                {
                    "type": "origins:resource",
                    "resource": "vil:scourge_virus_timer",
                    "comparison": "<=",
                    "compare_to": 70
                },
                {
                    "type": "origins:scoreboard",
                    "objective": "vil_damageTaken",
                    "comparison": ">=",
                    "compare_to": 5000
                }
            ]
        }
    },
    "knockback_res_2": {
        "type": "origins:conditioned_attribute",
        "condition": {
            "type": "origins:and",
            "conditions": [
                {
                    "type": "origins:resource",
                    "resource": "vil:scourge_virus_timer",
                    "comparison": "<=",
                    "compare_to": 70
                },
                {
                    "type": "origins:scoreboard",
                    "objective": "vil_damageTaken",
                    "comparison": ">=",
                    "compare_to": 5000
                }
            ]
        },
        "modifier": {
            "name": "vil:kb_res2",
            "attribute": "minecraft:generic.knockback_resistance",
            "operation": "addition",
            "value": 0.1
        }
    },
    "damage_res_4": {
        "type": "origins:modify_damage_taken",
        "modifier": {
            "name": "vil:damage_res4",
            "operation": "multiply_base",
            "value": -0.05
        },
        "condition": {
            "type": "origins:and",
            "conditions": [
                {
                    "type": "origins:resource",
                    "resource": "vil:scourge_virus_timer",
                    "comparison": "<=",
                    "compare_to": 60
                },
                {
                    "type": "origins:scoreboard",
                    "objective": "vil_damageTaken",
                    "comparison": ">=",
                    "compare_to": 7500
                }
            ]
        }
    },
    "knockback_res_3": {
        "type": "origins:conditioned_attribute",
        "condition": {
            "type": "origins:and",
            "conditions": [
                {
                    "type": "origins:resource",
                    "resource": "vil:scourge_virus_timer",
                    "comparison": "<=",
                    "compare_to": 60
                },
                {
                    "type": "origins:scoreboard",
                    "objective": "vil_damageTaken",
                    "comparison": ">=",
                    "compare_to": 7500
                }
            ]
        },
        "modifier": {
            "name": "vil:kb_res3",
            "attribute": "minecraft:generic.knockback_resistance",
            "operation": "addition",
            "value": 0.1
        }
    },
    "damage_res_5": {
        "type": "origins:modify_damage_taken",
        "modifier": {
            "name": "vil:damage_res5",
            "operation": "multiply_base",
            "value": -0.05
        },
        "condition": {
            "type": "origins:and",
            "conditions": [
                {
                    "type": "origins:resource",
                    "resource": "vil:scourge_virus_timer",
                    "comparison": "<=",
                    "compare_to": 50
                },
                {
                    "type": "origins:scoreboard",
                    "objective": "vil_damageTaken",
                    "comparison": ">=",
                    "compare_to": 10000
                }
            ]
        }
    },
    "knockback_res_4": {
        "type": "origins:conditioned_attribute",
        "condition": {
            "type": "origins:and",
            "conditions": [
                {
                    "type": "origins:resource",
                    "resource": "vil:scourge_virus_timer",
                    "comparison": "<=",
                    "compare_to": 50
                },
                {
                    "type": "origins:scoreboard",
                    "objective": "vil_damageTaken",
                    "comparison": ">=",
                    "compare_to": 10000
                }
            ]
        },
        "modifier": {
            "name": "vil:kb_res4",
            "attribute": "minecraft:generic.knockback_resistance",
            "operation": "addition",
            "value": 0.1
        }
    },
    "damage_res_6": {
        "type": "origins:modify_damage_taken",
        "modifier": {
            "name": "vil:damage_res6",
            "operation": "multiply_base",
            "value": -0.05
        },
        "condition": {
            "type": "origins:and",
            "conditions": [
                {
                    "type": "origins:resource",
                    "resource": "vil:scourge_virus_timer",
                    "comparison": "<=",
                    "compare_to": 40
                },
                {
                    "type": "origins:scoreboard",
                    "objective": "vil_damageTaken",
                    "comparison": ">=",
                    "compare_to": 12500
                }
            ]
        }
    },
    "knockback_res_5": {
        "type": "origins:conditioned_attribute",
        "condition": {
            "type": "origins:and",
            "conditions": [
                {
                    "type": "origins:resource",
                    "resource": "vil:scourge_virus_timer",
                    "comparison": "<=",
                    "compare_to": 40
                },
                {
                    "type": "origins:scoreboard",
                    "objective": "vil_damageTaken",
                    "comparison": ">=",
                    "compare_to": 12500
                }
            ]
        },
        "modifier": {
            "name": "vil:kb_res5",
            "attribute": "minecraft:generic.knockback_resistance",
            "operation": "addition",
            "value": 0.1
        }
    },
    "damage_res_7": {
        "type": "origins:modify_damage_taken",
        "modifier": {
            "name": "vil:damage_res7",
            "operation": "multiply_base",
            "value": -0.05
        },
        "condition": {
            "type": "origins:and",
            "conditions": [
                {
                    "type": "origins:resource",
                    "resource": "vil:scourge_virus_timer",
                    "comparison": "<=",
                    "compare_to": 30
                },
                {
                    "type": "origins:scoreboard",
                    "objective": "vil_damageTaken",
                    "comparison": ">=",
                    "compare_to": 15000
                }
            ]
        }
    },
    "knockback_res_6": {
        "type": "origins:conditioned_attribute",
        "condition": {
            "type": "origins:and",
            "conditions": [
                {
                    "type": "origins:resource",
                    "resource": "vil:scourge_virus_timer",
                    "comparison": "<=",
                    "compare_to": 30
                },
                {
                    "type": "origins:scoreboard",
                    "objective": "vil_damageTaken",
                    "comparison": ">=",
                    "compare_to": 15000
                }
            ]
        },
        "modifier": {
            "name": "vil:kb_res6",
            "attribute": "minecraft:generic.knockback_resistance",
            "operation": "addition",
            "value": 0.1
        }
    },
    "damage_res_8": {
        "type": "origins:modify_damage_taken",
        "modifier": {
            "name": "vil:damage_res8",
            "operation": "multiply_base",
            "value": -0.05
        },
        "condition": {
            "type": "origins:and",
            "conditions": [
                {
                    "type": "origins:resource",
                    "resource": "vil:scourge_virus_timer",
                    "comparison": "<=",
                    "compare_to": 20
                },
                {
                    "type": "origins:scoreboard",
                    "objective": "vil_damageTaken",
                    "comparison": ">=",
                    "compare_to": 17500
                }
            ]
        }
    },
    "knockback_res_7": {
        "type": "origins:conditioned_attribute",
        "condition": {
            "type": "origins:and",
            "conditions": [
                {
                    "type": "origins:resource",
                    "resource": "vil:scourge_virus_timer",
                    "comparison": "<=",
                    "compare_to": 20
                },
                {
                    "type": "origins:scoreboard",
                    "objective": "vil_damageTaken",
                    "comparison": ">=",
                    "compare_to": 17500
                }
            ]
        },
        "modifier": {
            "name": "vil:kb_res7",
            "attribute": "minecraft:generic.knockback_resistance",
            "operation": "addition",
            "value": 0.1
        }
    },
    "damage_res_9": {
        "type": "origins:modify_damage_taken",
        "modifier": {
            "name": "vil:damage_res9",
            "operation": "multiply_base",
            "value": -0.05
        },
        "condition": {
            "type": "origins:and",
            "conditions": [
                {
                    "type": "origins:resource",
                    "resource": "vil:scourge_virus_timer",
                    "comparison": "<=",
                    "compare_to": 10
                },
                {
                    "type": "origins:scoreboard",
                    "objective": "vil_damageTaken",
                    "comparison": ">=",
                    "compare_to": 21250
                }
            ]
        }
    },
    "knockback_res_8": {
        "type": "origins:conditioned_attribute",
        "condition": {
            "type": "origins:and",
            "conditions": [
                {
                    "type": "origins:resource",
                    "resource": "vil:scourge_virus_timer",
                    "comparison": "<=",
                    "compare_to": 10
                },
                {
                    "type": "origins:scoreboard",
                    "objective": "vil_damageTaken",
                    "comparison": ">=",
                    "compare_to": 21250
                }
            ]
        },
        "modifier": {
            "name": "vil:kb_res8",
            "attribute": "minecraft:generic.knockback_resistance",
            "operation": "addition",
            "value": 0.1
        }
    },
    "damage_res_10": {
        "type": "origins:invulnerability",
        "damage_condition": {
            "type": "origins:projectile",
            "projectile_condition": {
                "type": "origins:nbt",
                "nbt": "{PierceLevel:0b}"
            }
        },
        "condition": {
            "type": "origins:and",
            "conditions": [
                {
                    "type": "origins:resource",
                    "resource": "vil:scourge_virus_timer",
                    "comparison": "==",
                    "compare_to": 0
                },
                {
                    "type": "origins:scoreboard",
                    "objective": "vil_damageTaken",
                    "comparison": ">=",
                    "compare_to": 25000
                }
            ]
        }
    },
    "damage_res_10_2": {
        "type": "origins:modify_damage_taken",
        "modifier": {
            "name": "vil:damage_res10_2",
            "operation": "multiply_base",
            "value": -0.05
        },
        "condition": {
            "type": "origins:and",
            "conditions": [
                {
                    "type": "origins:resource",
                    "resource": "vil:scourge_virus_timer",
                    "comparison": "==",
                    "compare_to": 0
                },
                {
                    "type": "origins:scoreboard",
                    "objective": "vil_damageTaken",
                    "comparison": ">=",
                    "compare_to": 25000
                }
            ]
        }
    },
    "knockback_res_9": {
        "type": "origins:conditioned_attribute",
        "condition": {
            "type": "origins:and",
            "conditions": [
                {
                    "type": "origins:resource",
                    "resource": "vil:scourge_virus_timer",
                    "comparison": "==",
                    "compare_to": 0
                },
                {
                    "type": "origins:scoreboard",
                    "objective": "vil_damageTaken",
                    "comparison": ">=",
                    "compare_to": 25000
                }
            ]
        },
        "modifier": {
            "name": "vil:kb_res9",
            "attribute": "minecraft:generic.knockback_resistance",
            "operation": "addition",
            "value": 0.1
        }
    },
    "notify_damage_res_2": {
        "type": "origins:action_over_time",
        "rising_action": {
            "type": "origins:and",
            "actions": [
                {
                    "type": "origins:execute_command",
                    "command": "function vil:damage_resistance/damageres_lvl_2",
                    "permission_level": 4
                },
                {
                    "type": "origins:change_resource",
                    "resource": "*:*_resource",
                    "change": 1
                },
                {
                    "type": "origins:revoke_power",
                    "power": "*:*_notify_damage_res_2",
                    "source": "vil:viltrumite"
                }
            ]
        },
        "condition": {
            "type": "origins:scoreboard",
            "objective": "vil_damageTaken",
            "comparison": ">=",
            "compare_to": 2500
        }
    },
    "notify_damage_res_3": {
        "type": "origins:action_over_time",
        "rising_action": {
            "type": "origins:and",
            "actions": [
                {
                    "type": "origins:execute_command",
                    "command": "function vil:damage_resistance/damageres_lvl_3",
                    "permission_level": 4
                },
                {
                    "type": "origins:change_resource",
                    "resource": "*:*_resource",
                    "change": 1
                },
                {
                    "type": "origins:revoke_power",
                    "power": "*:*_notify_damage_res_3",
                    "source": "vil:viltrumite"
                }
            ]
        },
        "condition": {
            "type": "origins:scoreboard",
            "objective": "vil_damageTaken",
            "comparison": ">=",
            "compare_to": 5000
        }
    },
    "notify_damage_res_4": {
        "type": "origins:action_over_time",
        "rising_action": {
            "type": "origins:and",
            "actions": [
                {
                    "type": "origins:execute_command",
                    "command": "function vil:damage_resistance/damageres_lvl_4",
                    "permission_level": 4
                },
                {
                    "type": "origins:change_resource",
                    "resource": "*:*_resource",
                    "change": 1
                },
                {
                    "type": "origins:revoke_power",
                    "power": "*:*_notify_damage_res_4",
                    "source": "vil:viltrumite"
                }
            ]
        },
        "condition": {
            "type": "origins:scoreboard",
            "objective": "vil_damageTaken",
            "comparison": ">=",
            "compare_to": 7500
        }
    },
    "notify_damage_res_5": {
        "type": "origins:action_over_time",
        "rising_action": {
            "type": "origins:and",
            "actions": [
                {
                    "type": "origins:execute_command",
                    "command": "function vil:damage_resistance/damageres_lvl_5",
                    "permission_level": 4
                },
                {
                    "type": "origins:change_resource",
                    "resource": "*:*_resource",
                    "change": 1
                },
                {
                    "type": "origins:revoke_power",
                    "power": "*:*_notify_damage_res_5",
                    "source": "vil:viltrumite"
                }
            ]
        },
        "condition": {
            "type": "origins:scoreboard",
            "objective": "vil_damageTaken",
            "comparison": ">=",
            "compare_to": 10000
        }
    },
    "notify_damage_res_6": {
        "type": "origins:action_over_time",
        "rising_action": {
            "type": "origins:and",
            "actions": [
                {
                    "type": "origins:execute_command",
                    "command": "function vil:damage_resistance/damageres_lvl_6",
                    "permission_level": 4
                },
                {
                    "type": "origins:change_resource",
                    "resource": "*:*_resource",
                    "change": 1
                },
                {
                    "type": "origins:revoke_power",
                    "power": "*:*_notify_damage_res_6",
                    "source": "vil:viltrumite"
                }
            ]
        },
        "condition": {
            "type": "origins:scoreboard",
            "objective": "vil_damageTaken",
            "comparison": ">=",
            "compare_to": 12500
        }
    },
    "notify_damage_res_7": {
        "type": "origins:action_over_time",
        "rising_action": {
            "type": "origins:and",
            "actions": [
                {
                    "type": "origins:execute_command",
                    "command": "function vil:damage_resistance/damageres_lvl_7",
                    "permission_level": 4
                },
                {
                    "type": "origins:change_resource",
                    "resource": "*:*_resource",
                    "change": 1
                },
                {
                    "type": "origins:revoke_power",
                    "power": "*:*_notify_damage_res_7",
                    "source": "vil:viltrumite"
                }
            ]
        },
        "condition": {
            "type": "origins:scoreboard",
            "objective": "vil_damageTaken",
            "comparison": ">=",
            "compare_to": 15000
        }
    },
    "notify_damage_res_8": {
        "type": "origins:action_over_time",
        "rising_action": {
            "type": "origins:and",
            "actions": [
                {
                    "type": "origins:execute_command",
                    "command": "function vil:damage_resistance/damageres_lvl_8",
                    "permission_level": 4
                },
                {
                    "type": "origins:change_resource",
                    "resource": "*:*_resource",
                    "change": 1
                },
                {
                    "type": "origins:revoke_power",
                    "power": "*:*_notify_damage_res_8",
                    "source": "vil:viltrumite"
                }
            ]
        },
        "condition": {
            "type": "origins:scoreboard",
            "objective": "vil_damageTaken",
            "comparison": ">=",
            "compare_to": 17500
        }
    },
    "notify_damage_res_9": {
        "type": "origins:action_over_time",
        "rising_action": {
            "type": "origins:and",
            "actions": [
                {
                    "type": "origins:execute_command",
                    "command": "function vil:damage_resistance/damageres_lvl_9",
                    "permission_level": 4
                },
                {
                    "type": "origins:change_resource",
                    "resource": "*:*_resource",
                    "change": 1
                },
                {
                    "type": "origins:revoke_power",
                    "power": "*:*_notify_damage_res_9",
                    "source": "vil:viltrumite"
                }
            ]
        },
        "condition": {
            "type": "origins:scoreboard",
            "objective": "vil_damageTaken",
            "comparison": ">=",
            "compare_to": 21250
        }
    },
    "notify_damage_res_max": {
        "type": "origins:action_over_time",
        "rising_action": {
            "type": "origins:and",
            "actions": [
                {
                    "type": "origins:execute_command",
                    "command": "function vil:damage_resistance/damageres_lvl_max",
                    "permission_level": 4
                },
                {
                    "type": "origins:change_resource",
                    "resource": "*:*_resource",
                    "change": 1
                },
                {
                    "type": "origins:revoke_power",
                    "power": "*:*_notify_damage_res_max",
                    "source": "vil:viltrumite"
                }
            ]
        },
        "condition": {
            "type": "origins:scoreboard",
            "objective": "vil_damageTaken",
            "comparison": ">=",
            "compare_to": 25000
        }
    }
}