{
    "type": "origins:multiple",
    "name": "Fortified Immune System",
    "description": "Viltrumites have extremely advanced immune systems and are immune or resistant to most negative effects.",

    "effect_resistance_duration": {
        "type": "origins:modify_status_effect_duration",
        "status_effects": [
            "minecraft:hunger",
            "minecraft:wither",
            "minecraft:mining_fatigue"
        ],
        "modifier": {
            "operation": "multiply_total",
            "value": -0.65
        },
        "condition": {
            "type": "origins:resource",
            "resource": "vil:scourge_virus_timer",
            "comparison": "==",
            "compare_to": 0
        }
    },

    "effect_resistance_amplifier": {
        "type": "origins:modify_status_effect_amplifier",
        "status_effects": [
            "minecraft:mining_fatigue",
            "minecraft:wither"
        ],
        "modifier": {
            "operation": "addition",
            "value": -1
        },
        "condition": {
            "type": "origins:resource",
            "resource": "vil:scourge_virus_timer",
            "comparison": "==",
            "compare_to": 0
        }
    },

    "effect_immunity": {
        "type": "origins:effect_immunity",
        "effects": [
            "minecraft:weakness",
            "minecraft:slowness",
            "minecraft:levitation",
            "minecraft:blindness"
        ],
        "condition": {
            "type": "origins:resource",
            "resource": "vil:scourge_virus_timer",
            "comparison": "==",
            "compare_to": 0
        }
    }
}