{
    "type": "origins:modify_exhaustion",
    "name": "Efficient Metabolism",
    "description": "Viltrumite metabolism is very efficient, allowing for longer-term energy from lesser quantities of food.",
    "modifier": {
        "name": "efficient_metabolism",
        "operation": "multiply_total",
        "value": -0.75
    },
    "condition": {
        "type": "origins:resource",
        "resource": "vil:scourge_virus_timer",
        "comparison": "==",
        "compare_to": 0
    }
}