{
    "type": "origins:multiple",
    "name": "The Scourge Virus",
    "description": "A deadly strain of the Scourge Virus can be found in the venom of most vemonous creatures. This virus can weaken Viltrumites until they are as weak as humans or even kill them. Even after the virus has left a Viltrumite's system, their powers may be greatly diminished for a time.",

    "timer": {
        "type": "origins:resource",
        "min": 0,
        "max": 900,
        "hud_render": {
            "condition": {
                "type": "origins:resource",
                "resource": "*:*_timer",
                "comparison": ">",
                "compare_to": 0
            },
            "should_render": true,
            "sprite_location": "origins:textures/gui/community/spiderkolo/resource_bar_02.png",
            "bar_index": 18
        },
        "min_action": {
            "type": "origins:execute_command",
            "command": "tellraw @s {\"text\":\"You feel your strength return...\",\"italic\":true,\"color\":\"gray\"}",
            "permission_level": 4
        }
    },

    "timer_regen": {
        "type": "origins:action_over_time",
        "interval": 20,
        "entity_action": {
            "type": "origins:change_resource",
            "resource": "*:*_timer",
            "change": 10
        },
        "condition": {
            "type": "origins:status_effect",
            "effect": "minecraft:poison"
        }
    },

    "notify_infected": {
        "type": "origins:action_over_time",
        "rising_action": {
            "type": "origins:execute_command",
            "command": "tellraw @s {\"text\":\"You feel your powers fade as the virus spreads...\",\"italic\":true,\"color\":\"gray\"}",
            "permission_level": 4
        },
        "condition": {
            "type": "origins:resource",
            "resource": "*:*_timer",
            "comparison": ">",
            "compare_to": 0
        }
    },

    "timer_decay": {
        "type": "origins:action_over_time",
        "interval": 20,
        "entity_action": {
            "type": "origins:change_resource",
            "resource": "*:*_timer",
            "change": -1
        },
        "condition": {
            "type": "origins:status_effect",
            "effect": "minecraft:poison",
            "inverted": true
        }
    },

    "fixed_poison_rate": {
        "type": "origins:modify_status_effect_amplifier",
        "status_effect": "minecraft:poison",
        "modifier": {
            "operation": "multiply_total",
            "value": -1
        }
    },

    "clear_on_death": {
        "type": "origins:action_on_callback",
        "entity_action_respawned": {
            "type": "origins:change_resource",
            "resource": "*:*_timer",
            "operation": "set",
            "change": 0
        }
    },

    "custom_poison_damage": {
        "type": "origins:action_over_time",
        "interval": 10,
        "condition": {
            "type": "origins:status_effect",
            "effect": "minecraft:poison"
        },
        "entity_action": {
            "type": "origins:damage",
            "amount": 1,
            "damage_type": "minecraft:magic"
        }
    },

    "time_decay_sleeping": {
        "type": "origins:action_on_wake_up",
        "entity_action": {
            "type": "origins:change_resource",
            "resource": "*:*_timer",
            "change": -90
        },
        "condition": {
            "type": "origins:resource",
            "resource": "*:*_timer",
            "comparison": ">",
            "compare_to": 0
        }
    }
}