{
    "type": "origins:multiple",
    "name": "Sonic Vulnerability",
    "description": "As beings with the natural ability of flight, Viltrumite equilibrium is achieved through an impossibly complex and sensitive process located in their ears. Exposure to certain frequencies, particularly shrieking sculk shriekers or sonic blasts from the Warden, can disturb this process and temporarily block their ability to fly and cause extreme distress or kill them if exposure is lengthy enough. In the case of the Warden, a single sonic boom is practically guarenteed to be fatal.",

    "sonic_boom_weakness": {
        "type": "origins:modify_damage_taken",
        "damage_condition": {
            "type": "origins:or",
            "conditions": [{
                "type": "origins:name",
                "name": "sonic_boom"
            },
            {
                "type": "origins:name",
                "name": "sonic_boom.player"
            },
            {
                "type": "origins:name",
                "name": "sonic_boom.item"
            }]
        },
        "modifier": {
            "name": "vil:sonic_boom_weakness",
            "operation": "multiply_base",
            "value": 1.5
        }
    },

    "recently_sonic_boomed": {
        "type": "origins:resource",
        "min": 0,
        "max": 80
    },

    "decay_recently_boomed": {
        "type": "origins:action_over_time",
        "interval": 1,
        "entity_action": {
            "type": "origins:change_resource",
            "resource": "*:*_recently_sonic_boomed",
            "change": -1
        },
        "condition": {
            "type": "origins:resource",
            "resource": "*:*_recently_sonic_boomed",
            "comparison": ">",
            "compare_to": 0
        }
    },

    "hit_by_sonic_boom": {
        "type": "origins:self_action_when_hit",
        "damage_condition": {
            "type": "origins:or",
            "conditions": [{
                "type": "origins:name",
                "name": "sonic_boom"
            },
            {
                "type": "origins:name",
                "name": "sonic_boom.player"
            },
            {
                "type": "origins:name",
                "name": "sonic_boom.item"
            }]
        },
        "entity_action": {
            "type": "origins:change_resource",
            "resource": "*:*_recently_sonic_boomed",
            "change": 80,
            "operation": "set"
        }
    },

    "isshrieking_resource": {
        "type": "origins:resource",
        "min": 0,
        "max": 25
    },

    "resource_decay": {
        "type": "origins:action_over_time",
        "interval": 1,
        "entity_action": {
            "type": "origins:change_resource",
            "resource": "*:*_isshrieking_resource",
            "change": -1
        },
        "condition": {
            "type": "origins:resource",
            "resource": "*:*_isshrieking_resource",
            "comparison": ">",
            "compare_to": 0
        }
    },

    "shrieker_exposure_damage_and_detect": {
        "type": "origins:action_over_time",
        "interval": 11,
        "condition": {
            "type": "origins:block_in_radius",
            "shape": "sphere",
            "radius": 12,
            "block_condition": {
                "type": "origins:and",
                "conditions": [{
                    "type": "origins:block",
                    "block": "minecraft:sculk_shrieker"
                },
                {
                    "type": "origins:block_state",
                    "property": "shrieking",
                    "value": true
                },
                {
                    "type": "origins:block_state",
                    "property": "waterlogged",
                    "value": false
                }]
            }
        },
        "entity_action": {
            "type": "origins:and",
            "actions": [{
                "type": "origins:damage",
                "amount": 6,
                "damage_type": "minecraft:generic" 
            },
            {
                "type": "origins:change_resource",
                "resource": "*:*_isshrieking_resource",
                "operation": "set",
                "change": 25
            }]
        }
    },

    "shrieker_exposure_noglide": {
        "type": "origins:prevent_elytra_flight",
        "condition": {
            "type": "origins:or",
            "conditions": [{
                "type": "origins:resource",
                "resource": "*:*_isshrieking_resource",
                "comparison": ">",
                "compare_to": 0
            },
            {
                "type": "origins:resource",
                "resource": "*:*_recently_sonic_boomed",
                "comparison": ">",
                "compare_to": 0
            }]
        }
    },

    "shrieker_exposure_nosprint": {
        "type": "origins:prevent_sprinting",
        "condition": {
            "type": "origins:or",
            "conditions": [{
                "type": "origins:resource",
                "resource": "*:*_isshrieking_resource",
                "comparison": ">",
                "compare_to": 0
            },
            {
                "type": "origins:resource",
                "resource": "*:*_recently_sonic_boomed",
                "comparison": ">",
                "compare_to": 0
            }]
        }
    },

    "shrieker_exposure_nojump": {
        "type": "origins:modify_jump",
        "condition": {
            "type": "origins:or",
            "conditions": [{
                "type": "origins:resource",
                "resource": "*:*_isshrieking_resource",
                "comparison": ">",
                "compare_to": 0
            },
            {
                "type": "origins:resource",
                "resource": "*:*_recently_sonic_boomed",
                "comparison": ">",
                "compare_to": 0
            }]
        },
        "modifier": {
            "name": "vil:shrieker_set_jump_zero",
            "operation": "multiply_base",
            "value": -1
        }
    },

    "shrieker_exposure_lessdmgdealt": {
        "type": "origins:modify_damage_dealt",
        "condition": {
            "type": "origins:or",
            "conditions": [{
                "type": "origins:resource",
                "resource": "*:*_isshrieking_resource",
                "comparison": ">",
                "compare_to": 0
            },
            {
                "type": "origins:resource",
                "resource": "*:*_recently_sonic_boomed",
                "comparison": ">",
                "compare_to": 0
            }]
        },
        "modifier": {
            "name": "vil:shrieker_half_damage_dealt",
            "operation": "multiply_total",
            "value": -0.5
        }
    },

    "shrieker_exposure_nausea": {
        "type": "origins:stacking_status_effect",
        "min_stacks": 0,
        "max_stacks": 8,
        "duration_per_stack": 60,
        "tick_rate": 11,
        "effect": {
            "effect": "minecraft:nausea",
            "is_ambient": false,
            "show_icon": false,
            "show_particles": false
        },
        "condition": {
            "type": "origins:or",
            "conditions": [{
                "type": "origins:resource",
                "resource": "*:*_isshrieking_resource",
                "comparison": ">",
                "compare_to": 0
            },
            {
                "type": "origins:resource",
                "resource": "*:*_recently_sonic_boomed",
                "comparison": ">",
                "compare_to": 0
            }]
        }
    },

    "shrieker_exposure_shake": {
        "type": "origins:shaking",
        "condition": {
            "type": "origins:or",
            "conditions": [{
                "type": "origins:resource",
                "resource": "*:*_isshrieking_resource",
                "comparison": ">",
                "compare_to": 0
            },
            {
                "type": "origins:resource",
                "resource": "*:*_recently_sonic_boomed",
                "comparison": ">",
                "compare_to": 0
            }]
        }
    },

    "shrieker_exposure_sound": {
        "type": "origins:action_over_time",
        "interval": 5,
        "condition": {
            "type": "origins:resource",
            "resource": "*:*_isshrieking_resource",
            "comparison": ">",
            "compare_to": 0
        },
        "entity_action": {
            "type": "origins:execute_command",
            "command": "function vil:sound_damage_effect",
            "permission_level": 4
        }
    },

    "sound_callback": {
        "type": "origins:action_on_callback",
        "entity_action_respawned": {
            "type": "origins:and",
            "actions": [{
                "type": "origins:execute_command",
                "command": "stopsound @s * block.sculk_shrieker.shriek",
                "permission_level": 4
            },
            {
                "type": "origins:change_resource",
                "resource": "*:*_isshrieking_resource",
                "operation": "set",
                "change": 0
            },
            {
                "type": "origins:change_resource",
                "resource": "*:*_recently_sonic_boomed",
                "operation": "set",
                "change": 0
            }]
        }
    }
}